[
   {
      "idDifferenza": 1,
      "X": 2175,
      "Y": 235,
      "Raggio": 25,
      "DomandaImmagineId": 1
   },
   {
      "idDifferenza": 2,
      "X": 1480,
      "Y": 810,
      "Raggio": 30,
      "DomandaImmagineId": 1
   },
   {
      "idDifferenza": 3,
      "X": 1360,
      "Y": 210,
      "Raggio": 25,
      "DomandaImmagineId": 1
   },
   {
      "idDifferenza": 4,
      "X": 555,
      "Y": 1330,
      "Raggio": 50,
      "DomandaImmagineId": 1
   },
   {
      "idDifferenza": 5,
      "X": 1900,
      "Y": 1200,
      "Raggio": 50,
      "DomandaImmagineId": 2
   },
   {
      "idDifferenza": 6,
      "X": 1525,
      "Y": 950,
      "Raggio": 25,
      "DomandaImmagineId": 2
   },
   {
      "idDifferenza": 7,
      "X": 1850,
      "Y": 460,
      "Raggio": 50,
      "DomandaImmagineId": 2
   },
   {
      "idDifferenza": 8,
      "X": 1215,
      "Y": 700,
      "Raggio": 20,
      "DomandaImmagineId": 2
   },
   {
      "idDifferenza": 9,
      "X": 2182,
      "Y": 810,
      "Raggio": 70,
      "DomandaImmagineId": 3
   },
   {
      "idDifferenza": 10,
      "X": 1860,
      "Y": 1012,
      "Raggio": 25,
      "DomandaImmagineId": 3
   },
   {
      "idDifferenza": 11,
      "X": 1275,
      "Y": 340,
      "Raggio": 25,
      "DomandaImmagineId": 3
   },
   {
      "idDifferenza": 12,
      "X": 940,
      "Y": 950,
      "Raggio": 25,
      "DomandaImmagineId": 3
   },
   {
      "idDifferenza": 13,
      "X": 840,
      "Y": 350,
      "Raggio": 60,
      "DomandaImmagineId": 3
   },
   {
      "idDifferenza": 14,
      "X": 2200,
      "Y": 430,
      "Raggio": 50,
      "DomandaImmagineId": 4
   },
   {
      "idDifferenza": 15,
      "X": 2100,
      "Y": 780,
      "Raggio": 50,
      "DomandaImmagineId": 4
   },
   {
      "idDifferenza": 16,
      "X": 170,
      "Y": 1210,
      "Raggio": 55,
      "DomandaImmagineId": 4
   },
   {
      "idDifferenza": 17,
      "X": 1565,
      "Y": 515,
      "Raggio": 60,
      "DomandaImmagineId": 4
   },
   {
      "idDifferenza": 18,
      "X": 1050,
      "Y": 280,
      "Raggio": 50,
      "DomandaImmagineId": 4
   },
   {
      "idDifferenza": 19,
      "X": 980,
      "Y": 790,
      "Raggio": 25,
      "DomandaImmagineId": 4
   },
   {
      "idDifferenza": 20,
      "X": 400,
      "Y": 420,
      "Raggio": 50,
      "DomandaImmagineId": 4
   },
   {
      "idDifferenza": 21,
      "X": 2080,
      "Y": 160,
      "Raggio": 25,
      "DomandaImmagineId": 5
   },
   {
      "idDifferenza": 22,
      "X": 2150,
      "Y": 1252,
      "Raggio": 30,
      "DomandaImmagineId": 5
   },
   {
      "idDifferenza": 23,
      "X": 2090,
      "Y": 580,
      "Raggio": 55,
      "DomandaImmagineId": 5
   },
   {
      "idDifferenza": 24,
      "X": 1075,
      "Y": 1130,
      "Raggio": 40,
      "DomandaImmagineId": 5
   },
   {
      "idDifferenza": 25,
      "X": 960,
      "Y": 230,
      "Raggio": 50,
      "DomandaImmagineId": 5
   },
   {
      "idDifferenza": 26,
      "X": 710,
      "Y": 645,
      "Raggio": 25,
      "DomandaImmagineId": 5
   },
   {
      "idDifferenza": 27,
      "X": 650,
      "Y": 280,
      "Raggio": 25,
      "DomandaImmagineId": 5
   }
]